{
    "RPT": {
        "ScanTime": "0.23 sec.",
        "ScanFile": "20230503_neuigkeitenwebsite_bfe0621410815e087505_20230503111309_scan.json",
        "Warnings": 0,
        "Success": 6
    },
    "SRV": {
        "PHP": {
            "websrv": true,
            "openbase": true,
            "maxtime": true,
            "mysqli": true,
            "version": true
        },
        "SYS": {
            "managedHost": true,
            "ALL": "Good"
        },
        "WP": {
            "version": true,
            "core": true,
            "ismu": false,
            "ALL": "Good"
        }
    },
    "ARC": {
        "Size": "0B",
        "DirCount": "0",
        "FileCount": "0",
        "FullCount": "0",
        "WarnFileCount": 0,
        "WarnDirCount": 0,
        "UnreadableDirCount": 0,
        "UnreadableFileCount": 0,
        "FilterDirsAll": [
            "E:\/OSPanel\/domains\/elvinci\/.opcache",
            "E:\/OSPanel\/domains\/elvinci\/wp-content\/ai1wm-backups",
            "E:\/OSPanel\/domains\/elvinci\/wp-content\/backups-dup-lite",
            "E:\/OSPanel\/domains\/elvinci\/wp-content\/backups-dup-pro",
            "E:\/OSPanel\/domains\/elvinci\/wp-content\/backupwordpress",
            "E:\/OSPanel\/domains\/elvinci\/wp-content\/bps-backup",
            "E:\/OSPanel\/domains\/elvinci\/wp-content\/cache",
            "E:\/OSPanel\/domains\/elvinci\/wp-content\/content\/cache",
            "E:\/OSPanel\/domains\/elvinci\/wp-content\/contents\/cache",
            "E:\/OSPanel\/domains\/elvinci\/wp-content\/infinitewp\/backups",
            "E:\/OSPanel\/domains\/elvinci\/wp-content\/managewp\/backups",
            "E:\/OSPanel\/domains\/elvinci\/wp-content\/old-cache",
            "E:\/OSPanel\/domains\/elvinci\/wp-content\/plugins\/all-in-one-wp-migration\/storage",
            "E:\/OSPanel\/domains\/elvinci\/wp-content\/updraft",
            "E:\/OSPanel\/domains\/elvinci\/wp-content\/uploads\/aiowps_backups",
            "E:\/OSPanel\/domains\/elvinci\/wp-content\/uploads\/backupbuddy_backups",
            "E:\/OSPanel\/domains\/elvinci\/wp-content\/uploads\/backupbuddy_temp",
            "E:\/OSPanel\/domains\/elvinci\/wp-content\/uploads\/ithemes-security\/backups",
            "E:\/OSPanel\/domains\/elvinci\/wp-content\/uploads\/mainwp\/backup",
            "E:\/OSPanel\/domains\/elvinci\/wp-content\/uploads\/pb_backupbuddy",
            "E:\/OSPanel\/domains\/elvinci\/wp-content\/uploads\/snapshots",
            "E:\/OSPanel\/domains\/elvinci\/wp-content\/uploads\/sucuri",
            "E:\/OSPanel\/domains\/elvinci\/wp-content\/uploads\/wp-clone",
            "E:\/OSPanel\/domains\/elvinci\/wp-content\/uploads\/wp_all_backup",
            "E:\/OSPanel\/domains\/elvinci\/wp-content\/uploads\/wpbackitup_backups",
            "E:\/OSPanel\/domains\/elvinci\/wp-content\/wfcache",
            "E:\/OSPanel\/domains\/elvinci\/wp-content\/wishlist-backup",
            "E:\/OSPanel\/domains\/elvinci\/wp-snapshots"
        ],
        "FilterFilesAll": [
            "error_log",
            "error.log",
            "debug_log",
            "ws_ftp.log",
            "dbcache",
            "pgcache",
            "objectcache",
            ".DS_Store",
            "E:\/OSPanel\/domains\/elvinci\/.htaccess",
            "E:\/OSPanel\/domains\/elvinci\/web.config",
            "E:\/OSPanel\/domains\/elvinci\/wp-config.php"
        ],
        "FilterExtsAll": [],
        "FilterInfo": {
            "Dirs": {
                "Warning": [],
                "Unreadable": [],
                "AddonSites": [],
                "Core": [
                    "E:\/OSPanel\/domains\/elvinci\/wp-snapshots",
                    "E:\/OSPanel\/domains\/elvinci\/wp-content\/backups-dup-lite",
                    "E:\/OSPanel\/domains\/elvinci\/.opcache",
                    "E:\/OSPanel\/domains\/elvinci\/wp-content\/backups-dup-pro",
                    "E:\/OSPanel\/domains\/elvinci\/wp-content\/ai1wm-backups",
                    "E:\/OSPanel\/domains\/elvinci\/wp-content\/backupwordpress",
                    "E:\/OSPanel\/domains\/elvinci\/wp-content\/content\/cache",
                    "E:\/OSPanel\/domains\/elvinci\/wp-content\/contents\/cache",
                    "E:\/OSPanel\/domains\/elvinci\/wp-content\/infinitewp\/backups",
                    "E:\/OSPanel\/domains\/elvinci\/wp-content\/managewp\/backups",
                    "E:\/OSPanel\/domains\/elvinci\/wp-content\/old-cache",
                    "E:\/OSPanel\/domains\/elvinci\/wp-content\/plugins\/all-in-one-wp-migration\/storage",
                    "E:\/OSPanel\/domains\/elvinci\/wp-content\/updraft",
                    "E:\/OSPanel\/domains\/elvinci\/wp-content\/wishlist-backup",
                    "E:\/OSPanel\/domains\/elvinci\/wp-content\/wfcache",
                    "E:\/OSPanel\/domains\/elvinci\/wp-content\/bps-backup",
                    "E:\/OSPanel\/domains\/elvinci\/wp-content\/cache",
                    "E:\/OSPanel\/domains\/elvinci\/wp-content\/uploads\/aiowps_backups",
                    "E:\/OSPanel\/domains\/elvinci\/wp-content\/uploads\/backupbuddy_temp",
                    "E:\/OSPanel\/domains\/elvinci\/wp-content\/uploads\/backupbuddy_backups",
                    "E:\/OSPanel\/domains\/elvinci\/wp-content\/uploads\/ithemes-security\/backups",
                    "E:\/OSPanel\/domains\/elvinci\/wp-content\/uploads\/mainwp\/backup",
                    "E:\/OSPanel\/domains\/elvinci\/wp-content\/uploads\/pb_backupbuddy",
                    "E:\/OSPanel\/domains\/elvinci\/wp-content\/uploads\/snapshots",
                    "E:\/OSPanel\/domains\/elvinci\/wp-content\/uploads\/sucuri",
                    "E:\/OSPanel\/domains\/elvinci\/wp-content\/uploads\/wp-clone",
                    "E:\/OSPanel\/domains\/elvinci\/wp-content\/uploads\/wp_all_backup",
                    "E:\/OSPanel\/domains\/elvinci\/wp-content\/uploads\/wpbackitup_backups"
                ],
                "Global": [],
                "Instance": []
            },
            "Files": {
                "Size": [],
                "Warning": [],
                "Unreadable": [],
                "AddonSites": [],
                "Core": [],
                "Global": [
                    "error_log",
                    "error.log",
                    "debug_log",
                    "ws_ftp.log",
                    "dbcache",
                    "pgcache",
                    "objectcache",
                    ".DS_Store"
                ],
                "Instance": []
            },
            "Exts": {
                "Core": [],
                "Global": [],
                "Instance": []
            },
            "UDirCount": 0,
            "UFileCount": 0,
            "UExtCount": 0,
            "TreeSize": [],
            "TreeWarning": []
        },
        "RecursiveLinks": [],
        "UnreadableItems": [],
        "Status": {
            "Size": "Good",
            "Names": "Good",
            "UnreadableItems": "Good",
            "MigratePackage": "Good",
            "CanbeMigratePackage": true,
            "showCreateProcFuncStatus": "Good",
            "showCreateProcFunc": true,
            "AddonSites": "Good"
        },
        "Dirs": [],
        "Files": []
    },
    "DB": {
        "Status": {
            "Success": true,
            "DB_Case": "Good",
            "DB_Rows": "Good",
            "DB_Size": "Good",
            "TBL_Case": "Good",
            "TBL_Rows": "Good",
            "TBL_Size": "Good",
            "Triggers": "Good"
        },
        "Size": 2932736,
        "Rows": 399,
        "TableCount": 13,
        "TableList": {
            "wp_commentmeta": {
                "Case": 0,
                "Rows": "0",
                "Size": "48KB",
                "USize": "49152"
            },
            "wp_comments": {
                "Case": 0,
                "Rows": "1",
                "Size": "96KB",
                "USize": "98304"
            },
            "wp_duplicator_packages": {
                "Case": 0,
                "Rows": "0",
                "Size": "32KB",
                "USize": "32768"
            },
            "wp_links": {
                "Case": 0,
                "Rows": "0",
                "Size": "32KB",
                "USize": "32768"
            },
            "wp_options": {
                "Case": 0,
                "Rows": "167",
                "Size": "2.06MB",
                "USize": "2162688"
            },
            "wp_postmeta": {
                "Case": 0,
                "Rows": "107",
                "Size": "80KB",
                "USize": "81920"
            },
            "wp_posts": {
                "Case": 0,
                "Rows": "65",
                "Size": "176KB",
                "USize": "180224"
            },
            "wp_term_relationships": {
                "Case": 0,
                "Rows": "18",
                "Size": "32KB",
                "USize": "32768"
            },
            "wp_term_taxonomy": {
                "Case": 0,
                "Rows": "7",
                "Size": "48KB",
                "USize": "49152"
            },
            "wp_termmeta": {
                "Case": 0,
                "Rows": "0",
                "Size": "48KB",
                "USize": "49152"
            },
            "wp_terms": {
                "Case": 0,
                "Rows": "8",
                "Size": "48KB",
                "USize": "49152"
            },
            "wp_usermeta": {
                "Case": 0,
                "Rows": "26",
                "Size": "48KB",
                "USize": "49152"
            },
            "wp_users": {
                "Case": 0,
                "Rows": "0",
                "Size": "64KB",
                "USize": "65536"
            }
        },
        "RawSize": 2932736,
        "EasySize": "2.8MB"
    },
    "LL": {
        "TotalSize": "2.8MB",
        "Status": {
            "TotalSize": "Good"
        }
    }
}